{
  "MAE": 0.4675205574473395,
  "RMSE": 0.9836791761327355,
  "R2": 0.9927178109437352
}